https://dillsboro.in/images/memorials/005D6BA1-3C38-43E5-85C0-890EF142BF3A.jpeg	assets/memorials/005d6ba1-3c38-43e5-85c0-890ef142bf3a-ebadadfd3459.jpeg
https://dillsboro.in/images/memorials/30BFF86E-B330-412B-A12E-130AD6C35EE4.jpeg	assets/memorials/30bff86e-b330-412b-a12e-130ad6c35ee4-f425ded04d79.jpeg
https://dillsboro.in/images/memorials/58C2512E-1878-4DB2-9D89-C09D4245025D.jpeg	assets/memorials/58c2512e-1878-4db2-9d89-c09d4245025d-cca6930931c0.jpeg
https://dillsboro.in/images/memorials/6DE68696-3D76-4576-BAAE-605EBFF16BEB.jpeg	assets/memorials/6de68696-3d76-4576-baae-605ebff16beb-4a89a2e83f68.jpeg
https://dillsboro.in/images/memorials/6F80FA70-2F54-426C-B7B3-82A06B2A3C61.jpeg	assets/memorials/6f80fa70-2f54-426c-b7b3-82a06b2a3c61-3655c4d0cb26.jpeg
https://dillsboro.in/images/memorials/8EB04EB7-4DA0-4ACC-8AA6-4E71D2278041.jpeg	assets/memorials/8eb04eb7-4da0-4acc-8aa6-4e71d2278041-00c4ff730515.jpeg
https://dillsboro.in/images/memorials/9622F95D-02E0-4C4E-93D0-E094E40184A1.jpeg	assets/memorials/9622f95d-02e0-4c4e-93d0-e094e40184a1-49e0492f477f.jpeg
https://dillsboro.in/images/memorials/986BA758-49B6-4AA5-9BC5-052EE414D290.jpeg	assets/memorials/986ba758-49b6-4aa5-9bc5-052ee414d290-0049ae20e763.jpeg
https://dillsboro.in/images/memorials/9FD1A4F3-A07B-475E-BA54-FE252F710AC5.jpeg	assets/memorials/9fd1a4f3-a07b-475e-ba54-fe252f710ac5-83dd9f78df6e.jpeg
https://dillsboro.in/images/memorials/AB4E3CAD-7DC7-44FD-A1F6-83702BDA19C3.jpeg	assets/memorials/ab4e3cad-7dc7-44fd-a1f6-83702bda19c3-200966c238cb.jpeg
https://dillsboro.in/images/memorials/AC69E1F2-F067-4303-914F-523167CBB29B.jpeg	assets/memorials/ac69e1f2-f067-4303-914f-523167cbb29b-9fd47e0d8c38.jpeg
https://dillsboro.in/images/memorials/BE20E887-EAE0-4974-A05A-56FFDCDE29E5.jpeg	assets/memorials/be20e887-eae0-4974-a05a-56ffdcde29e5-ad7081c3cbdc.jpeg
https://dillsboro.in/images/memorials/BE60BBC8-D82E-4D4C-A1EF-C5507D1215DA.jpeg	assets/memorials/be60bbc8-d82e-4d4c-a1ef-c5507d1215da-43cd7df25316.jpeg
https://dillsboro.in/images/memorials/BFA18177-A673-4A06-B3CD-B71766B40FF0.jpeg	assets/memorials/bfa18177-a673-4a06-b3cd-b71766b40ff0-cb03e341f5bb.jpeg
https://dillsboro.in/images/memorials/C8EDC440-A9FF-48D6-B569-583C7E7936F4.jpeg	assets/memorials/c8edc440-a9ff-48d6-b569-583c7e7936f4-2fdc8d1073f5.jpeg
https://dillsboro.in/images/memorials/CA3766F9-9352-4DEB-9E85-6AA384888446.jpeg	assets/memorials/ca3766f9-9352-4deb-9e85-6aa384888446-d860abe3dad1.jpeg
https://dillsboro.in/images/memorials/D42A257A-AA5B-4138-9911-767F38D4CDE8.jpeg	assets/memorials/d42a257a-aa5b-4138-9911-767f38d4cde8-a0e8947bf87a.jpeg
https://dillsboro.in/images/memorials/D599051F-A512-4307-BA0D-03A3DC6CA3AC.jpeg	assets/memorials/d599051f-a512-4307-ba0d-03a3dc6ca3ac-56ab0ccad527.jpeg
https://dillsboro.in/images/memorials/DADE32BD-AFAE-499C-A51E-ED51E7FD23A5.jpeg	assets/memorials/dade32bd-afae-499c-a51e-ed51e7fd23a5-0cee1b2a1698.jpeg
https://dillsboro.in/images/memorials/E2125EF7-900F-48E8-97B4-2CD49446E225.jpeg	assets/memorials/e2125ef7-900f-48e8-97b4-2cd49446e225-fc6703105018.jpeg
https://dillsboro.in/images/memorials/E575B0FD-76C2-4369-833C-00FF81B6DB06.jpeg	assets/memorials/e575b0fd-76c2-4369-833c-00ff81b6db06-b2fa40c7716a.jpeg
https://dillsboro.in/images/memorials/EE2E9B47-A845-49D5-A7A9-34FE04449295.jpeg	assets/memorials/ee2e9b47-a845-49d5-a7a9-34fe04449295-e7ef3796c822.jpeg
https://dillsboro.in/images/memorials/IMG_0011.jpg	assets/memorials/img-0011-be353ad079b9.jpg
https://dillsboro.in/images/memorials/IMG_0012.jpg	assets/memorials/img-0012-e6f539498b94.jpg
https://dillsboro.in/images/memorials/IMG_0014.jpg	assets/memorials/img-0014-092c82c4c189.jpg
https://dillsboro.in/images/memorials/IMG_0016.jpg	assets/memorials/img-0016-353b9f06d7b2.jpg
https://dillsboro.in/images/memorials/IMG_0017.jpg	assets/memorials/img-0017-67d818796b7c.jpg
https://dillsboro.in/images/memorials/IMG_0020.jpg	assets/memorials/img-0020-4fc83f1a7add.jpg
https://dillsboro.in/images/memorials/IMG_0022.jpg	assets/memorials/img-0022-82994b6cd595.jpg
https://dillsboro.in/images/memorials/IMG_0023.jpg	assets/memorials/img-0023-e4977b17be71.jpg
https://dillsboro.in/images/memorials/IMG_0024.jpg	assets/memorials/img-0024-928aabfe4fae.jpg
https://dillsboro.in/images/memorials/IMG_0025.jpg	assets/memorials/img-0025-72c55174968a.jpg
https://dillsboro.in/images/memorials/IMG_0026.jpg	assets/memorials/img-0026-1ce01cd2240a.jpg
https://dillsboro.in/images/memorials/IMG_0027.jpg	assets/memorials/img-0027-6d2de2ad7e05.jpg
https://dillsboro.in/images/memorials/IMG_0028.jpg	assets/memorials/img-0028-9bd924589af0.jpg
https://dillsboro.in/images/memorials/IMG_0029.jpg	assets/memorials/img-0029-09c3f9a67f12.jpg
https://dillsboro.in/images/memorials/IMG_0030.jpg	assets/memorials/img-0030-a095367ab2fa.jpg
https://dillsboro.in/images/memorials/IMG_0031.jpg	assets/memorials/img-0031-43ca9d251314.jpg
https://dillsboro.in/images/memorials/IMG_0032.jpeg	assets/memorials/img-0032-18eec8c4df70.jpeg
https://dillsboro.in/images/memorials/IMG_0032.jpg	assets/memorials/img-0032-0b7d67e55a8f.jpg
https://dillsboro.in/images/memorials/IMG_0034.jpg	assets/memorials/img-0034-a30eb971ca6e.jpg
https://dillsboro.in/images/memorials/IMG_0035.jpeg	assets/memorials/img-0035-8ac902126bb8.jpeg
https://dillsboro.in/images/memorials/IMG_0035.jpg	assets/memorials/img-0035-4fa16d0147e2.jpg
https://dillsboro.in/images/memorials/IMG_0036.jpeg	assets/memorials/img-0036-03eba13a2fe7.jpeg
https://dillsboro.in/images/memorials/IMG_0036.jpg	assets/memorials/img-0036-63fe0bd3cd33.jpg
https://dillsboro.in/images/memorials/IMG_0037.jpeg	assets/memorials/img-0037-fdde13e35713.jpeg
https://dillsboro.in/images/memorials/IMG_0037.jpg	assets/memorials/img-0037-8e41d455f131.jpg
https://dillsboro.in/images/memorials/IMG_0038.jpeg	assets/memorials/img-0038-9e5e89f37c16.jpeg
https://dillsboro.in/images/memorials/IMG_0038.jpg	assets/memorials/img-0038-68813a128d9d.jpg
https://dillsboro.in/images/memorials/IMG_0039.jpeg	assets/memorials/img-0039-2eb3a7ebdb28.jpeg
https://dillsboro.in/images/memorials/IMG_0039.jpg	assets/memorials/img-0039-2e350b9630f4.jpg
https://dillsboro.in/images/memorials/IMG_0040.jpeg	assets/memorials/img-0040-5ac352765956.jpeg
https://dillsboro.in/images/memorials/IMG_0040.jpg	assets/memorials/img-0040-5acbc61a9ddc.jpg
https://dillsboro.in/images/memorials/IMG_0041.jpeg	assets/memorials/img-0041-b16293517a19.jpeg
https://dillsboro.in/images/memorials/IMG_0041.jpg	assets/memorials/img-0041-b40cd869fd90.jpg
https://dillsboro.in/images/memorials/IMG_0042.jpg	assets/memorials/img-0042-1d5afc19d678.jpg
https://dillsboro.in/images/memorials/IMG_0043.jpg	assets/memorials/img-0043-db81dfa2cd8f.jpg
https://dillsboro.in/images/memorials/IMG_0044.jpg	assets/memorials/img-0044-abf52ee09d55.jpg
https://dillsboro.in/images/memorials/IMG_0045.jpg	assets/memorials/img-0045-d12bd905c658.jpg
https://dillsboro.in/images/memorials/IMG_0046.jpg	assets/memorials/img-0046-cb4ba259efc2.jpg
https://dillsboro.in/images/memorials/IMG_0047.jpg	assets/memorials/img-0047-dcd1b51df6b0.jpg
https://dillsboro.in/images/memorials/IMG_0048.jpg	assets/memorials/img-0048-bae78b6afd6a.jpg
https://dillsboro.in/images/memorials/IMG_0050.jpg	assets/memorials/img-0050-17fcafe9c236.jpg
https://dillsboro.in/images/memorials/IMG_0051.jpg	assets/memorials/img-0051-c0737938e0d7.jpg
https://dillsboro.in/images/memorials/IMG_0052.jpg	assets/memorials/img-0052-aba164a9a0cd.jpg
https://dillsboro.in/images/memorials/IMG_0053.jpg	assets/memorials/img-0053-a9e9f8701342.jpg
https://dillsboro.in/images/memorials/IMG_0054.jpg	assets/memorials/img-0054-8cf578c3fb34.jpg
https://dillsboro.in/images/memorials/IMG_0055.jpg	assets/memorials/img-0055-e5ddffedf5b1.jpg
https://dillsboro.in/images/memorials/IMG_0056.jpg	assets/memorials/img-0056-6a0391d2fdf7.jpg
https://dillsboro.in/images/memorials/IMG_0057.jpg	assets/memorials/img-0057-260059601966.jpg
https://dillsboro.in/images/memorials/IMG_0058.jpg	assets/memorials/img-0058-245372ef1f2a.jpg
https://dillsboro.in/images/memorials/IMG_0059.jpg	assets/memorials/img-0059-58dd3d4c6ffa.jpg
https://dillsboro.in/images/memorials/IMG_0060.jpg	assets/memorials/img-0060-f78f3b8e777c.jpg
https://dillsboro.in/images/memorials/IMG_0061.jpg	assets/memorials/img-0061-fb430f681fd4.jpg
https://dillsboro.in/images/memorials/IMG_0062.jpg	assets/memorials/img-0062-8dae2183fa85.jpg
https://dillsboro.in/images/memorials/IMG_0063.jpg	assets/memorials/img-0063-eafc3935f8d9.jpg
https://dillsboro.in/images/memorials/IMG_0064.jpg	assets/memorials/img-0064-6627a5ec6cec.jpg
https://dillsboro.in/images/memorials/IMG_0065.jpg	assets/memorials/img-0065-3ae8ae5a77cc.jpg
https://dillsboro.in/images/memorials/IMG_0066.jpg	assets/memorials/img-0066-960497c9e210.jpg
https://dillsboro.in/images/memorials/IMG_0067.jpg	assets/memorials/img-0067-e9bf2ed505dc.jpg
https://dillsboro.in/images/memorials/IMG_0068.jpg	assets/memorials/img-0068-004016daa018.jpg
https://dillsboro.in/images/memorials/IMG_0069.jpg	assets/memorials/img-0069-611b2570247c.jpg
https://dillsboro.in/images/memorials/IMG_0070.jpg	assets/memorials/img-0070-f7aeabfeff38.jpg
https://dillsboro.in/images/memorials/IMG_0071.jpg	assets/memorials/img-0071-6cdb7784c8e4.jpg
https://dillsboro.in/images/memorials/IMG_0072.jpg	assets/memorials/img-0072-1b82296b2bb7.jpg
https://dillsboro.in/images/memorials/IMG_0073.jpg	assets/memorials/img-0073-f4025a986d96.jpg
https://dillsboro.in/images/memorials/IMG_0074.jpg	assets/memorials/img-0074-d096ee360e78.jpg
https://dillsboro.in/images/memorials/IMG_0077.jpg	assets/memorials/img-0077-80bc53cc5f87.jpg
https://dillsboro.in/images/memorials/IMG_0078.jpg	assets/memorials/img-0078-a97bf5eebb6e.jpg
https://dillsboro.in/images/memorials/IMG_0079.jpg	assets/memorials/img-0079-eb9636093182.jpg
https://dillsboro.in/images/memorials/IMG_0080.jpg	assets/memorials/img-0080-f35b9c99bb72.jpg
https://dillsboro.in/images/memorials/IMG_0081.jpg	assets/memorials/img-0081-d72d1c8d3812.jpg
https://dillsboro.in/images/memorials/IMG_0082.jpg	assets/memorials/img-0082-8cf4bf4531c3.jpg
https://dillsboro.in/images/memorials/IMG_0084.jpg	assets/memorials/img-0084-4aa11ab71ed1.jpg
https://dillsboro.in/images/memorials/IMG_0085.jpg	assets/memorials/img-0085-c534283e8a44.jpg
https://dillsboro.in/images/memorials/IMG_0086.jpg	assets/memorials/img-0086-6de163f0696e.jpg
https://dillsboro.in/images/memorials/IMG_0087.jpg	assets/memorials/img-0087-aa01b8932ad0.jpg
https://dillsboro.in/images/memorials/IMG_0088.jpg	assets/memorials/img-0088-e7acf33a9545.jpg
https://dillsboro.in/images/memorials/IMG_0089.jpg	assets/memorials/img-0089-53a37749cdb8.jpg
https://dillsboro.in/images/memorials/IMG_0092.jpg	assets/memorials/img-0092-26ec9b7fac03.jpg
https://dillsboro.in/images/memorials/IMG_0093.jpg	assets/memorials/img-0093-6211e6d68195.jpg
https://dillsboro.in/images/memorials/IMG_0094.jpg	assets/memorials/img-0094-8f910acb9175.jpg
https://dillsboro.in/images/memorials/IMG_0095.jpg	assets/memorials/img-0095-5e212fb64a55.jpg
https://dillsboro.in/images/memorials/IMG_0096.jpg	assets/memorials/img-0096-77c7c6c0ba26.jpg
https://dillsboro.in/images/memorials/IMG_0097.jpg	assets/memorials/img-0097-9a950ece1e26.jpg
https://dillsboro.in/images/memorials/IMG_0098.jpg	assets/memorials/img-0098-d35ddd88905c.jpg
https://dillsboro.in/images/memorials/IMG_0099.jpg	assets/memorials/img-0099-b1fc659c2472.jpg
https://dillsboro.in/images/memorials/IMG_0100.jpg	assets/memorials/img-0100-ec817c775932.jpg
https://dillsboro.in/images/memorials/IMG_0101.jpg	assets/memorials/img-0101-4f1ea2f9ba38.jpg
https://dillsboro.in/images/memorials/IMG_0103.jpg	assets/memorials/img-0103-cf9904a47417.jpg
https://dillsboro.in/images/memorials/IMG_0105.jpg	assets/memorials/img-0105-68d816455117.jpg
https://dillsboro.in/images/memorials/IMG_0106.jpg	assets/memorials/img-0106-2a9d36654c4c.jpg
https://dillsboro.in/images/memorials/IMG_0108.jpg	assets/memorials/img-0108-1e1f11210a11.jpg
https://dillsboro.in/images/memorials/IMG_0109.jpg	assets/memorials/img-0109-42b83dd91b49.jpg
https://dillsboro.in/images/memorials/IMG_0110.jpg	assets/memorials/img-0110-6a6b4680c5be.jpg
https://dillsboro.in/images/memorials/IMG_0111.jpg	assets/memorials/img-0111-c611e08083e6.jpg
https://dillsboro.in/images/memorials/IMG_0112.jpg	assets/memorials/img-0112-36144cdf272b.jpg
https://dillsboro.in/images/memorials/IMG_0113.jpg	assets/memorials/img-0113-8d70e182a24f.jpg
https://dillsboro.in/images/memorials/IMG_0114.jpg	assets/memorials/img-0114-d97540778edc.jpg
https://dillsboro.in/images/memorials/IMG_0116.jpg	assets/memorials/img-0116-a82fbd3665fa.jpg
https://dillsboro.in/images/memorials/IMG_0117.jpg	assets/memorials/img-0117-eee490644397.jpg
https://dillsboro.in/images/memorials/IMG_0118.jpg	assets/memorials/img-0118-49347c553c19.jpg
https://dillsboro.in/images/memorials/IMG_0119.jpg	assets/memorials/img-0119-feeaaae4ac47.jpg
https://dillsboro.in/images/memorials/IMG_0121.jpg	assets/memorials/img-0121-defbef6a43a4.jpg
https://dillsboro.in/images/memorials/IMG_0123.jpg	assets/memorials/img-0123-d701d5d7800f.jpg
https://dillsboro.in/images/memorials/IMG_0125.jpg	assets/memorials/img-0125-17e797a79980.jpg
https://dillsboro.in/images/memorials/IMG_0126.jpg	assets/memorials/img-0126-3fa18575dce9.jpg
https://dillsboro.in/images/memorials/IMG_0127.jpg	assets/memorials/img-0127-b038f34f9de6.jpg
https://dillsboro.in/images/memorials/IMG_0128.jpg	assets/memorials/img-0128-7f4eda7e216e.jpg
https://dillsboro.in/images/memorials/IMG_0129.jpg	assets/memorials/img-0129-1a3be052f4b1.jpg
https://dillsboro.in/images/memorials/IMG_0130.jpg	assets/memorials/img-0130-7913bb1ec346.jpg
https://dillsboro.in/images/memorials/IMG_0131.jpg	assets/memorials/img-0131-f3ead1cc975a.jpg
https://dillsboro.in/images/memorials/IMG_0132.jpg	assets/memorials/img-0132-d77c3d788b9d.jpg
https://dillsboro.in/images/memorials/IMG_0133.jpg	assets/memorials/img-0133-229b26253304.jpg
https://dillsboro.in/images/memorials/IMG_0134.jpg	assets/memorials/img-0134-6c09ae8dd07e.jpg
https://dillsboro.in/images/memorials/IMG_0135.jpg	assets/memorials/img-0135-e3136a65501e.jpg
https://dillsboro.in/images/memorials/IMG_0136.jpg	assets/memorials/img-0136-708046e0da8c.jpg
https://dillsboro.in/images/memorials/IMG_0137.jpg	assets/memorials/img-0137-ec15577faa87.jpg
https://dillsboro.in/images/memorials/IMG_0138.jpg	assets/memorials/img-0138-0fe68d32bdaa.jpg
https://dillsboro.in/images/memorials/IMG_0139.jpg	assets/memorials/img-0139-00c140895d21.jpg
https://dillsboro.in/images/memorials/IMG_0140.jpg	assets/memorials/img-0140-a0285c2b36f6.jpg
https://dillsboro.in/images/memorials/IMG_0141.jpg	assets/memorials/img-0141-974cb9f02d6e.jpg
https://dillsboro.in/images/memorials/IMG_0142.jpg	assets/memorials/img-0142-2f9cf950a8e6.jpg
https://dillsboro.in/images/memorials/IMG_0143.jpg	assets/memorials/img-0143-a3b21d5fb2f9.jpg
https://dillsboro.in/images/memorials/IMG_0144.jpg	assets/memorials/img-0144-88d4247f90b5.jpg
https://dillsboro.in/images/memorials/IMG_0146.jpg	assets/memorials/img-0146-c464b1ba7549.jpg
https://dillsboro.in/images/memorials/IMG_0147.jpg	assets/memorials/img-0147-daa475c3ea65.jpg
https://dillsboro.in/images/memorials/IMG_0148.jpg	assets/memorials/img-0148-5e2914ef89d3.jpg
https://dillsboro.in/images/memorials/IMG_0149.jpg	assets/memorials/img-0149-f8c2b3f4ab7f.jpg
https://dillsboro.in/images/memorials/IMG_0150.jpg	assets/memorials/img-0150-eb9f4d7339d1.jpg
https://dillsboro.in/images/memorials/IMG_0151.jpg	assets/memorials/img-0151-6a6860f74f3f.jpg
https://dillsboro.in/images/memorials/IMG_0152.jpg	assets/memorials/img-0152-8a4c13e9ae2e.jpg
https://dillsboro.in/images/memorials/IMG_0153.jpg	assets/memorials/img-0153-b3464d7b9985.jpg
https://dillsboro.in/images/memorials/IMG_0155.jpg	assets/memorials/img-0155-6f34e41e7a90.jpg
https://dillsboro.in/images/memorials/IMG_0157.jpg	assets/memorials/img-0157-d2e1990f4e0e.jpg
https://dillsboro.in/images/memorials/IMG_0158.jpg	assets/memorials/img-0158-deda1446da1d.jpg
https://dillsboro.in/images/memorials/IMG_0160.jpg	assets/memorials/img-0160-763daa08ba7b.jpg
https://dillsboro.in/images/memorials/IMG_0161.jpg	assets/memorials/img-0161-d28ed48bc42f.jpg
https://dillsboro.in/images/memorials/IMG_0162.jpg	assets/memorials/img-0162-4b6165a60a4b.jpg
https://dillsboro.in/images/memorials/IMG_0163.jpg	assets/memorials/img-0163-efe6c9af57b0.jpg
https://dillsboro.in/images/memorials/IMG_0164.jpg	assets/memorials/img-0164-a9cd192d276b.jpg
https://dillsboro.in/images/memorials/IMG_0165.jpg	assets/memorials/img-0165-ae79ccb5aff0.jpg
https://dillsboro.in/images/memorials/IMG_0167.jpg	assets/memorials/img-0167-786cd212f336.jpg
https://dillsboro.in/images/memorials/IMG_0168.jpg	assets/memorials/img-0168-2a6e4474df42.jpg
https://dillsboro.in/images/memorials/IMG_0170.jpg	assets/memorials/img-0170-6f25447663ce.jpg
https://dillsboro.in/images/memorials/IMG_0171.jpg	assets/memorials/img-0171-39b3654090fd.jpg
https://dillsboro.in/images/memorials/IMG_0172.jpg	assets/memorials/img-0172-8bc438ab0f31.jpg
https://dillsboro.in/images/memorials/IMG_0173.jpg	assets/memorials/img-0173-93f7d248652e.jpg
https://dillsboro.in/images/memorials/IMG_0174.jpg	assets/memorials/img-0174-4953bde2bda3.jpg
https://dillsboro.in/images/memorials/IMG_0175.jpg	assets/memorials/img-0175-00dcd8e411a3.jpg
https://dillsboro.in/images/memorials/IMG_0177.jpg	assets/memorials/img-0177-1ae0f58a0c3a.jpg
https://dillsboro.in/images/memorials/IMG_0178.jpg	assets/memorials/img-0178-a3c9418dbbbd.jpg
https://dillsboro.in/images/memorials/IMG_0179.jpg	assets/memorials/img-0179-db8472f717d9.jpg
https://dillsboro.in/images/memorials/IMG_0180.jpg	assets/memorials/img-0180-93bdbbce8e95.jpg
https://dillsboro.in/images/memorials/IMG_0181.jpg	assets/memorials/img-0181-bbd9c4396137.jpg
https://dillsboro.in/images/memorials/IMG_0182.jpg	assets/memorials/img-0182-8b75cdcdc309.jpg
https://dillsboro.in/images/memorials/IMG_0183.jpg	assets/memorials/img-0183-c644a64303b2.jpg
https://dillsboro.in/images/memorials/IMG_0184.jpg	assets/memorials/img-0184-9f28b6fc9bbd.jpg
https://dillsboro.in/images/memorials/IMG_0185.jpg	assets/memorials/img-0185-1e5abaafadbc.jpg
https://dillsboro.in/images/memorials/IMG_0187.jpg	assets/memorials/img-0187-b63c838fea7d.jpg
https://dillsboro.in/images/memorials/IMG_0189.jpg	assets/memorials/img-0189-1f94eaf3295a.jpg
https://dillsboro.in/images/memorials/IMG_0190.jpg	assets/memorials/img-0190-260e6bb09194.jpg
https://dillsboro.in/images/memorials/IMG_0191.jpg	assets/memorials/img-0191-96cb024e4407.jpg
https://dillsboro.in/images/memorials/IMG_0193.jpg	assets/memorials/img-0193-f11a032ba82f.jpg
https://dillsboro.in/images/memorials/IMG_0194.jpg	assets/memorials/img-0194-191bf50a249f.jpg
https://dillsboro.in/images/memorials/IMG_0195.jpg	assets/memorials/img-0195-962bb4a69d6a.jpg
https://dillsboro.in/images/memorials/IMG_0196.jpg	assets/memorials/img-0196-dff7a94eec4d.jpg
https://dillsboro.in/images/memorials/IMG_0197.jpg	assets/memorials/img-0197-851a7ffa1982.jpg
https://dillsboro.in/images/memorials/IMG_0198.jpg	assets/memorials/img-0198-3c81681b9c12.jpg
https://dillsboro.in/images/memorials/IMG_0199.jpg	assets/memorials/img-0199-506afc5ead11.jpg
https://dillsboro.in/images/memorials/IMG_0200.jpg	assets/memorials/img-0200-4cd11a5e99db.jpg
https://dillsboro.in/images/memorials/IMG_0201.jpg	assets/memorials/img-0201-cdf4e6d709e6.jpg
https://dillsboro.in/images/memorials/IMG_0202.jpg	assets/memorials/img-0202-f7d22369332d.jpg
https://dillsboro.in/images/memorials/IMG_0203.jpg	assets/memorials/img-0203-0ae38db437fa.jpg
https://dillsboro.in/images/memorials/IMG_0204.jpg	assets/memorials/img-0204-800f909c257a.jpg
https://dillsboro.in/images/memorials/IMG_0206.jpg	assets/memorials/img-0206-f9245703f7f8.jpg
https://dillsboro.in/images/memorials/IMG_0207.jpg	assets/memorials/img-0207-11c23510b1b2.jpg
https://dillsboro.in/images/memorials/IMG_0208.jpg	assets/memorials/img-0208-c0bab7ee002c.jpg
https://dillsboro.in/images/memorials/IMG_0209.jpg	assets/memorials/img-0209-d53f962e8f89.jpg
https://dillsboro.in/images/memorials/IMG_0210.jpg	assets/memorials/img-0210-e4e00e618ba4.jpg
https://dillsboro.in/images/memorials/IMG_0211.jpg	assets/memorials/img-0211-c245bd6eaac8.jpg
https://dillsboro.in/images/memorials/IMG_0212.jpg	assets/memorials/img-0212-895b48e05ae4.jpg
https://dillsboro.in/images/memorials/IMG_0213.jpg	assets/memorials/img-0213-14d42e8e83fb.jpg
https://dillsboro.in/images/memorials/IMG_0214.jpg	assets/memorials/img-0214-ecee7a71cdf8.jpg
https://dillsboro.in/images/memorials/IMG_0215.jpg	assets/memorials/img-0215-cf855865b80e.jpg
https://dillsboro.in/images/memorials/IMG_0216.jpg	assets/memorials/img-0216-c92cf31b8f54.jpg
https://dillsboro.in/images/memorials/IMG_0217.jpg	assets/memorials/img-0217-bdfb0c72afd8.jpg
https://dillsboro.in/images/memorials/IMG_0218.jpg	assets/memorials/img-0218-3f1e04db9411.jpg
https://dillsboro.in/images/memorials/IMG_0219.jpg	assets/memorials/img-0219-c8c0c5fc886b.jpg
https://dillsboro.in/images/memorials/IMG_0220.jpg	assets/memorials/img-0220-a54c2efd6c8b.jpg
https://dillsboro.in/images/memorials/IMG_0221.jpg	assets/memorials/img-0221-cff024264dd4.jpg
https://dillsboro.in/images/memorials/IMG_0222.jpg	assets/memorials/img-0222-de89b859cc82.jpg
https://dillsboro.in/images/memorials/IMG_0224.jpg	assets/memorials/img-0224-469dd1fe51b0.jpg
https://dillsboro.in/images/memorials/IMG_0225.jpg	assets/memorials/img-0225-1e1eceab045a.jpg
https://dillsboro.in/images/memorials/IMG_0226.jpg	assets/memorials/img-0226-738a20b249f5.jpg
https://dillsboro.in/images/memorials/IMG_0227.jpg	assets/memorials/img-0227-95f647dfe074.jpg
https://dillsboro.in/images/memorials/IMG_0228.jpg	assets/memorials/img-0228-d2ab466120f7.jpg
https://dillsboro.in/images/memorials/IMG_0229.jpg	assets/memorials/img-0229-01f053b7bb87.jpg
https://dillsboro.in/images/memorials/IMG_0230.jpg	assets/memorials/img-0230-b4d7b973ab6c.jpg
https://dillsboro.in/images/memorials/IMG_0231.jpg	assets/memorials/img-0231-c34131f8069b.jpg
https://dillsboro.in/images/memorials/IMG_0232.jpg	assets/memorials/img-0232-73529fbcd3ca.jpg
https://dillsboro.in/images/memorials/IMG_0233.jpg	assets/memorials/img-0233-7bd10794fcfe.jpg
https://dillsboro.in/images/memorials/IMG_0234.jpg	assets/memorials/img-0234-0c772b6a07fe.jpg
https://dillsboro.in/images/memorials/IMG_0235.jpg	assets/memorials/img-0235-1fbc94158fd4.jpg
https://dillsboro.in/images/memorials/IMG_0237.jpg	assets/memorials/img-0237-922551b0752f.jpg
https://dillsboro.in/images/memorials/IMG_0238.jpg	assets/memorials/img-0238-1566c42acf47.jpg
https://dillsboro.in/images/memorials/IMG_0239.jpg	assets/memorials/img-0239-f459dacd787d.jpg
https://dillsboro.in/images/memorials/IMG_0241.jpg	assets/memorials/img-0241-90782209074f.jpg
https://dillsboro.in/images/memorials/IMG_0242.jpg	assets/memorials/img-0242-9069b47c4dfa.jpg
https://dillsboro.in/images/memorials/IMG_0243.jpg	assets/memorials/img-0243-b91197a27649.jpg
https://dillsboro.in/images/memorials/IMG_0245.jpg	assets/memorials/img-0245-4cbc5176d1d5.jpg
https://dillsboro.in/images/memorials/IMG_0246.jpg	assets/memorials/img-0246-f7af4475bf69.jpg
https://dillsboro.in/images/memorials/IMG_0247.jpg	assets/memorials/img-0247-353e1b8f01c0.jpg
https://dillsboro.in/images/memorials/IMG_0248.jpg	assets/memorials/img-0248-be3a6043c1f4.jpg
https://dillsboro.in/images/memorials/IMG_0249.jpg	assets/memorials/img-0249-8dd2ba1038c2.jpg
https://dillsboro.in/images/memorials/IMG_0250.jpg	assets/memorials/img-0250-c61e01f79263.jpg
https://dillsboro.in/images/memorials/IMG_0251.jpg	assets/memorials/img-0251-5fafb230f149.jpg
https://dillsboro.in/images/memorials/IMG_0252.jpg	assets/memorials/img-0252-c03dc7421408.jpg
https://dillsboro.in/images/memorials/IMG_0253.jpg	assets/memorials/img-0253-937f9952d41c.jpg
https://dillsboro.in/images/memorials/IMG_0255.jpg	assets/memorials/img-0255-b4540f2e9a67.jpg
https://dillsboro.in/images/memorials/IMG_0257.jpg	assets/memorials/img-0257-f39e625a9000.jpg
https://dillsboro.in/images/memorials/IMG_0258.jpg	assets/memorials/img-0258-50b4350d710d.jpg
https://dillsboro.in/images/memorials/IMG_0259.jpg	assets/memorials/img-0259-e37b64576530.jpg
https://dillsboro.in/images/memorials/IMG_0260.jpg	assets/memorials/img-0260-fc58e5a546e4.jpg
https://dillsboro.in/images/memorials/IMG_0261.jpg	assets/memorials/img-0261-aecb36371c5f.jpg
https://dillsboro.in/images/memorials/IMG_0262.jpg	assets/memorials/img-0262-507ba69d5baa.jpg
https://dillsboro.in/images/memorials/IMG_0263.jpg	assets/memorials/img-0263-9d0d76c3c93c.jpg
https://dillsboro.in/images/memorials/IMG_0264.jpg	assets/memorials/img-0264-91eb88cfb0e7.jpg
https://dillsboro.in/images/memorials/IMG_0265.jpg	assets/memorials/img-0265-d1bead013c2a.jpg
https://dillsboro.in/images/memorials/IMG_0266.jpg	assets/memorials/img-0266-3609db922a60.jpg
https://dillsboro.in/images/memorials/IMG_0267.jpg	assets/memorials/img-0267-89ec619333cc.jpg
https://dillsboro.in/images/memorials/IMG_0268.jpg	assets/memorials/img-0268-85ffbc7f82c2.jpg
https://dillsboro.in/images/memorials/IMG_0269.jpg	assets/memorials/img-0269-12d1bfe5a1fa.jpg
https://dillsboro.in/images/memorials/IMG_0270.jpg	assets/memorials/img-0270-2d162442ac1f.jpg
https://dillsboro.in/images/memorials/IMG_0271.jpg	assets/memorials/img-0271-02d7f6968370.jpg
https://dillsboro.in/images/memorials/IMG_0272.jpg	assets/memorials/img-0272-dd84d6d22db4.jpg
https://dillsboro.in/images/memorials/IMG_0273.jpg	assets/memorials/img-0273-2aa64393464d.jpg
https://dillsboro.in/images/memorials/IMG_0274.jpg	assets/memorials/img-0274-6c7eb3b97cb5.jpg
https://dillsboro.in/images/memorials/IMG_0275.jpg	assets/memorials/img-0275-583718adefcc.jpg
https://dillsboro.in/images/memorials/IMG_0276.jpg	assets/memorials/img-0276-29e17d8454c6.jpg
https://dillsboro.in/images/memorials/IMG_0277.jpg	assets/memorials/img-0277-224cb493b38a.jpg
https://dillsboro.in/images/memorials/IMG_0278.jpg	assets/memorials/img-0278-51a9f0693cbd.jpg
https://dillsboro.in/images/memorials/IMG_0279.jpg	assets/memorials/img-0279-5e9a818f48a9.jpg
https://dillsboro.in/images/memorials/IMG_0280.jpg	assets/memorials/img-0280-471fc726b881.jpg
https://dillsboro.in/images/memorials/IMG_0282.jpg	assets/memorials/img-0282-ddaba5c83424.jpg
https://dillsboro.in/images/memorials/IMG_0284.jpg	assets/memorials/img-0284-38ef75db7cca.jpg
https://dillsboro.in/images/memorials/IMG_0285.jpg	assets/memorials/img-0285-9bd73480f04c.jpg
https://dillsboro.in/images/memorials/IMG_0286.jpg	assets/memorials/img-0286-547196ab8296.jpg
https://dillsboro.in/images/memorials/IMG_0287.jpg	assets/memorials/img-0287-ddd7dcbe964c.jpg
https://dillsboro.in/images/memorials/IMG_0288.jpg	assets/memorials/img-0288-231973386f33.jpg
https://dillsboro.in/images/memorials/IMG_0289.jpg	assets/memorials/img-0289-9c8e14a88e32.jpg
https://dillsboro.in/images/memorials/IMG_0290.jpg	assets/memorials/img-0290-eafd01ff4ee0.jpg
https://dillsboro.in/images/memorials/IMG_0291.jpg	assets/memorials/img-0291-32b0fecbcbfb.jpg
https://dillsboro.in/images/memorials/IMG_0292.jpg	assets/memorials/img-0292-25366d0cb61b.jpg
https://dillsboro.in/images/memorials/IMG_0293.jpg	assets/memorials/img-0293-b12f9124d815.jpg
https://dillsboro.in/images/memorials/IMG_0294.jpg	assets/memorials/img-0294-7750db1c52d8.jpg
https://dillsboro.in/images/memorials/IMG_0297.jpg	assets/memorials/img-0297-9fde000b51b9.jpg
https://dillsboro.in/images/memorials/IMG_0298.jpg	assets/memorials/img-0298-8de5ba681303.jpg
https://dillsboro.in/images/memorials/IMG_0299.jpg	assets/memorials/img-0299-07d189b07a45.jpg
https://dillsboro.in/images/memorials/IMG_0300.jpg	assets/memorials/img-0300-a35496d4a377.jpg
https://dillsboro.in/images/memorials/IMG_0301.jpg	assets/memorials/img-0301-c3f869ebe5cd.jpg
https://dillsboro.in/images/memorials/IMG_0302.jpg	assets/memorials/img-0302-51c6b4fd2f20.jpg
https://dillsboro.in/images/memorials/IMG_0304.jpg	assets/memorials/img-0304-30342934d97a.jpg
https://dillsboro.in/images/memorials/IMG_0305.jpg	assets/memorials/img-0305-42b9e65d8996.jpg
https://dillsboro.in/images/memorials/IMG_0306.jpg	assets/memorials/img-0306-b5732d828b4d.jpg
https://dillsboro.in/images/memorials/IMG_0307.jpg	assets/memorials/img-0307-66732539c36a.jpg
https://dillsboro.in/images/memorials/IMG_0308.jpg	assets/memorials/img-0308-a26037677830.jpg
https://dillsboro.in/images/memorials/IMG_0309.jpg	assets/memorials/img-0309-d1451bae972f.jpg
https://dillsboro.in/images/memorials/IMG_0310.jpg	assets/memorials/img-0310-de654885eca0.jpg
https://dillsboro.in/images/memorials/IMG_0311.jpg	assets/memorials/img-0311-c059db32c86e.jpg
https://dillsboro.in/images/memorials/IMG_0312.jpg	assets/memorials/img-0312-18378c2965a3.jpg
https://dillsboro.in/images/memorials/IMG_0313.jpg	assets/memorials/img-0313-3559440ac321.jpg
https://dillsboro.in/images/memorials/IMG_0314.jpg	assets/memorials/img-0314-a712c720d1f2.jpg
https://dillsboro.in/images/memorials/IMG_0315.jpg	assets/memorials/img-0315-74363b8dd51c.jpg
https://dillsboro.in/images/memorials/IMG_0316.jpg	assets/memorials/img-0316-e78069fc853e.jpg
https://dillsboro.in/images/memorials/IMG_0318.jpg	assets/memorials/img-0318-2def892c7531.jpg
https://dillsboro.in/images/memorials/IMG_0319.jpg	assets/memorials/img-0319-19f61287c2be.jpg
https://dillsboro.in/images/memorials/IMG_0320.jpg	assets/memorials/img-0320-23e3c54705ce.jpg
https://dillsboro.in/images/memorials/IMG_0321.jpg	assets/memorials/img-0321-d6d663b59725.jpg
https://dillsboro.in/images/memorials/IMG_0322.jpg	assets/memorials/img-0322-0ec24b169333.jpg
https://dillsboro.in/images/memorials/IMG_0323.jpg	assets/memorials/img-0323-921fbf9045ee.jpg
https://dillsboro.in/images/memorials/IMG_0324.jpg	assets/memorials/img-0324-29a0654edbd4.jpg
https://dillsboro.in/images/memorials/IMG_0325.jpg	assets/memorials/img-0325-bcbd022b12f3.jpg
https://dillsboro.in/images/memorials/IMG_0326.jpg	assets/memorials/img-0326-cb4fe17e7d72.jpg
https://dillsboro.in/images/memorials/IMG_0327.jpg	assets/memorials/img-0327-de00a5ee526a.jpg
https://dillsboro.in/images/memorials/IMG_0328.jpg	assets/memorials/img-0328-bc5346ea465a.jpg
https://dillsboro.in/images/memorials/IMG_0329.jpg	assets/memorials/img-0329-9a59b0b911bc.jpg
https://dillsboro.in/images/memorials/IMG_0330.jpg	assets/memorials/img-0330-97365309105e.jpg
https://dillsboro.in/images/memorials/IMG_0331.jpg	assets/memorials/img-0331-7c35a923ca0b.jpg
https://dillsboro.in/images/memorials/IMG_0333.jpg	assets/memorials/img-0333-3ce3871ae009.jpg
https://dillsboro.in/images/memorials/IMG_0334.jpg	assets/memorials/img-0334-7d9612062743.jpg
https://dillsboro.in/images/memorials/IMG_0335.jpg	assets/memorials/img-0335-a8be4c286770.jpg
https://dillsboro.in/images/memorials/IMG_0336.jpg	assets/memorials/img-0336-eea37adc42be.jpg
https://dillsboro.in/images/memorials/IMG_0337.jpg	assets/memorials/img-0337-fafd41391998.jpg
https://dillsboro.in/images/memorials/IMG_0339.jpg	assets/memorials/img-0339-1e5092c6bcd8.jpg
https://dillsboro.in/images/memorials/IMG_0340.jpg	assets/memorials/img-0340-334429e10b78.jpg
https://dillsboro.in/images/memorials/IMG_0341.jpg	assets/memorials/img-0341-9a0ad727ff9d.jpg
https://dillsboro.in/images/memorials/IMG_0342.jpg	assets/memorials/img-0342-92b8c13e6d4b.jpg
https://dillsboro.in/images/memorials/IMG_0345.jpg	assets/memorials/img-0345-a2980b96e761.jpg
https://dillsboro.in/images/memorials/IMG_0346.jpg	assets/memorials/img-0346-e0f8123351f5.jpg
https://dillsboro.in/images/memorials/IMG_0347.jpg	assets/memorials/img-0347-bc6d0e63c043.jpg
https://dillsboro.in/images/memorials/IMG_0348.jpg	assets/memorials/img-0348-7a0b2c169195.jpg
https://dillsboro.in/images/memorials/IMG_0349.jpg	assets/memorials/img-0349-94d6bddbbf17.jpg
https://dillsboro.in/images/memorials/IMG_0350.jpg	assets/memorials/img-0350-1e79e3efa3e4.jpg
https://dillsboro.in/images/memorials/IMG_0351.jpg	assets/memorials/img-0351-7b46ef10cf61.jpg
https://dillsboro.in/images/memorials/IMG_0353.jpg	assets/memorials/img-0353-127c67329503.jpg
https://dillsboro.in/images/memorials/IMG_0354.jpg	assets/memorials/img-0354-05a9f42bf898.jpg
https://dillsboro.in/images/memorials/IMG_0355.jpg	assets/memorials/img-0355-9c06d6f0c115.jpg
https://dillsboro.in/images/memorials/IMG_0356.jpg	assets/memorials/img-0356-cfc4c71337bb.jpg
https://dillsboro.in/images/memorials/IMG_0357.jpg	assets/memorials/img-0357-0e150fc883d3.jpg
https://dillsboro.in/images/memorials/IMG_0358.jpg	assets/memorials/img-0358-5b1051835a64.jpg
https://dillsboro.in/images/memorials/IMG_0359.jpg	assets/memorials/img-0359-ba80cadf8329.jpg
https://dillsboro.in/images/memorials/IMG_0360.jpg	assets/memorials/img-0360-d7415d640b74.jpg
https://dillsboro.in/images/memorials/IMG_0361.jpg	assets/memorials/img-0361-f8aec506adeb.jpg
https://dillsboro.in/images/memorials/IMG_0362.jpg	assets/memorials/img-0362-ad6749c156d9.jpg
https://dillsboro.in/images/memorials/IMG_0364.jpg	assets/memorials/img-0364-112d1b9b2829.jpg
https://dillsboro.in/images/memorials/IMG_0365.jpg	assets/memorials/img-0365-47b8d78e74c7.jpg
https://dillsboro.in/images/memorials/IMG_0367.jpg	assets/memorials/img-0367-0f8618966864.jpg
https://dillsboro.in/images/memorials/IMG_0368.jpg	assets/memorials/img-0368-31e7cc9ef256.jpg
https://dillsboro.in/images/memorials/IMG_0369.jpg	assets/memorials/img-0369-0dc30c57b76c.jpg
https://dillsboro.in/images/memorials/IMG_0370.jpg	assets/memorials/img-0370-8d8c775a6b80.jpg
https://dillsboro.in/images/memorials/IMG_0371.jpg	assets/memorials/img-0371-edfe7b8ff641.jpg
https://dillsboro.in/images/memorials/IMG_0372.jpg	assets/memorials/img-0372-b355644d8fc6.jpg
https://dillsboro.in/images/memorials/IMG_0373.jpg	assets/memorials/img-0373-95e03e90634f.jpg
https://dillsboro.in/images/memorials/IMG_0374.jpg	assets/memorials/img-0374-e88aabb342f3.jpg
https://dillsboro.in/images/memorials/IMG_0375.jpg	assets/memorials/img-0375-0e3e20df558e.jpg
https://dillsboro.in/images/memorials/IMG_0376.jpg	assets/memorials/img-0376-7d593f11377d.jpg
https://dillsboro.in/images/memorials/IMG_0377.jpg	assets/memorials/img-0377-e9b646be2054.jpg
https://dillsboro.in/images/memorials/IMG_0378.jpg	assets/memorials/img-0378-2b1ab03f91d5.jpg
https://dillsboro.in/images/memorials/IMG_0379.jpg	assets/memorials/img-0379-0e870fe50c47.jpg
https://dillsboro.in/images/memorials/IMG_0380.jpg	assets/memorials/img-0380-ca769fc28af0.jpg
https://dillsboro.in/images/memorials/IMG_0381.jpg	assets/memorials/img-0381-71ae6ff2e6b7.jpg
https://dillsboro.in/images/memorials/IMG_0382.jpg	assets/memorials/img-0382-dcb687bc829a.jpg
https://dillsboro.in/images/memorials/IMG_0383.jpg	assets/memorials/img-0383-b0424dd0c72d.jpg
https://dillsboro.in/images/memorials/IMG_0384.jpg	assets/memorials/img-0384-515c9dc9655a.jpg
https://dillsboro.in/images/memorials/IMG_0385.jpg	assets/memorials/img-0385-e20d8738deab.jpg
https://dillsboro.in/images/memorials/IMG_0387.jpg	assets/memorials/img-0387-60b6365de1e1.jpg
https://dillsboro.in/images/memorials/IMG_0389.jpg	assets/memorials/img-0389-123656cff119.jpg
https://dillsboro.in/images/memorials/IMG_0390.jpg	assets/memorials/img-0390-e9ac4d57256d.jpg
https://dillsboro.in/images/memorials/IMG_0391.jpg	assets/memorials/img-0391-38b41eab87af.jpg
https://dillsboro.in/images/memorials/IMG_0392.jpg	assets/memorials/img-0392-57e58ea02f5b.jpg
https://dillsboro.in/images/memorials/IMG_0393.jpg	assets/memorials/img-0393-121ff5f57a4a.jpg
https://dillsboro.in/images/memorials/IMG_0394.jpg	assets/memorials/img-0394-8a7af921430c.jpg
https://dillsboro.in/images/memorials/IMG_0395.jpg	assets/memorials/img-0395-f8a8ddd66f0d.jpg
https://dillsboro.in/images/memorials/IMG_0396.jpg	assets/memorials/img-0396-859cb0c0892f.jpg
https://dillsboro.in/images/memorials/IMG_0397.jpg	assets/memorials/img-0397-1ed0943b3c0d.jpg
https://dillsboro.in/images/memorials/IMG_0398.jpg	assets/memorials/img-0398-8ef29b5b5a7e.jpg
https://dillsboro.in/images/memorials/IMG_0399.jpg	assets/memorials/img-0399-fc24b220db09.jpg
https://dillsboro.in/images/memorials/IMG_0400.jpg	assets/memorials/img-0400-5e185a35cb53.jpg
https://dillsboro.in/images/memorials/IMG_0401.jpg	assets/memorials/img-0401-7af9acede389.jpg
https://dillsboro.in/images/memorials/IMG_0402.jpg	assets/memorials/img-0402-a368228846e6.jpg
https://dillsboro.in/images/memorials/IMG_0403.jpg	assets/memorials/img-0403-f013dd52af90.jpg
https://dillsboro.in/images/memorials/IMG_0404.jpg	assets/memorials/img-0404-88c9ede1a6e9.jpg
https://dillsboro.in/images/memorials/IMG_1162.jpeg	assets/memorials/img-1162-97d4f8c47778.jpeg
https://dillsboro.in/images/memorials/IMG_1163.jpeg	assets/memorials/img-1163-635f129dc82d.jpeg
https://dillsboro.in/images/memorials/IMG_1164.jpeg	assets/memorials/img-1164-a378a1ff32f7.jpeg
https://dillsboro.in/images/memorials/IMG_1167.jpeg	assets/memorials/img-1167-3d0f59cfc01b.jpeg
https://dillsboro.in/images/memorials/IMG_1168.jpeg	assets/memorials/img-1168-15c626e33c9b.jpeg
https://dillsboro.in/images/memorials/IMG_1169.jpeg	assets/memorials/img-1169-6ce4931c39c7.jpeg
https://dillsboro.in/images/memorials/IMG_1170.jpeg	assets/memorials/img-1170-72a35c3c952e.jpeg
https://dillsboro.in/images/memorials/IMG_1171.jpeg	assets/memorials/img-1171-d85e1d809466.jpeg
https://dillsboro.in/images/memorials/IMG_1172.jpeg	assets/memorials/img-1172-8a9f0dc81682.jpeg
https://dillsboro.in/images/memorials/IMG_1173.jpeg	assets/memorials/img-1173-384d3ca9dd45.jpeg
https://dillsboro.in/images/memorials/IMG_1174.jpeg	assets/memorials/img-1174-bd56eaad0d2c.jpeg
https://dillsboro.in/images/memorials/IMG_1175.jpeg	assets/memorials/img-1175-e27c5c34c2c6.jpeg
https://dillsboro.in/images/memorials/IMG_1176.jpeg	assets/memorials/img-1176-eeef7fea100d.jpeg
https://dillsboro.in/images/memorials/IMG_1665.jpeg	assets/memorials/img-1665-d0dd8ae2f17f.jpeg
https://dillsboro.in/images/memorials/IMG_1666.jpeg	assets/memorials/img-1666-bc4dca5c5fdb.jpeg
https://dillsboro.in/images/memorials/IMG_1667.jpeg	assets/memorials/img-1667-539baa598ed9.jpeg
https://dillsboro.in/images/memorials/IMG_1668.jpeg	assets/memorials/img-1668-781ed3bd4b3e.jpeg
https://dillsboro.in/images/memorials/IMG_1669.jpeg	assets/memorials/img-1669-549a0d0df355.jpeg
https://dillsboro.in/images/memorials/IMG_1670.jpeg	assets/memorials/img-1670-0bbee59984dc.jpeg
https://dillsboro.in/images/memorials/IMG_2563.jpeg	assets/memorials/img-2563-e3a611713e2e.jpeg
https://dillsboro.in/images/memorials/IMG_2564.jpeg	assets/memorials/img-2564-fd82e8af713a.jpeg
https://dillsboro.in/images/memorials/IMG_2566.jpeg	assets/memorials/img-2566-d0b50ff45322.jpeg
https://dillsboro.in/images/memorials/IMG_2567.jpeg	assets/memorials/img-2567-a000d27c258c.jpeg
https://dillsboro.in/images/memorials/berner-dale.jpg	assets/memorials/berner-dale-4540da0599e9.jpg
https://dillsboro.in/images/memorials/blackburn-vincent-jr.jpg	assets/memorials/blackburn-vincent-jr-f9849f296bfe.jpg
https://dillsboro.in/images/memorials/blackburn-vincent-sr.jpg	assets/memorials/blackburn-vincent-sr-ca7af378cf84.jpg
https://dillsboro.in/images/memorials/bruce-charles-jacob.jpg	assets/memorials/bruce-charles-jacob-8aca0f7876e6.jpg
https://dillsboro.in/images/memorials/burkett-omar.jpg	assets/memorials/burkett-omar-7b77606cd063.jpg
https://dillsboro.in/images/memorials/dennis-george.jpg	assets/memorials/dennis-george-566061ce9387.jpg
https://dillsboro.in/images/memorials/elza-howard-cooper.jpg	assets/memorials/elza-howard-cooper-f57a6749227e.jpg
https://dillsboro.in/images/memorials/frazier-billy.jpg	assets/memorials/frazier-billy-8a4313f9d9f3.jpg
https://dillsboro.in/images/memorials/fuchs-anthony.jpg	assets/memorials/fuchs-anthony-dcaac1c9dd8b.jpg
https://dillsboro.in/images/memorials/greater-francis.jpeg	assets/memorials/greater-francis-6243642f811c.jpeg
https://dillsboro.in/images/memorials/guard-norman.jpg	assets/memorials/guard-norman-df2f4ac0dac8.jpg
https://dillsboro.in/images/memorials/hempfling-howard.jpg	assets/memorials/hempfling-howard-88d4d4f02a05.jpg
https://dillsboro.in/images/memorials/hettiger-sidney.jpg	assets/memorials/hettiger-sidney-e7253b9082c6.jpg
https://dillsboro.in/images/memorials/inferrara-raymond.jpg	assets/memorials/inferrara-raymond-aa0a6421cd7f.jpg
https://dillsboro.in/images/memorials/kline-bernard.jpg	assets/memorials/kline-bernard-edc05f2ed528.jpg
https://dillsboro.in/images/memorials/largent-thomas.jpeg	assets/memorials/largent-thomas-22e86c024e66.jpeg
https://dillsboro.in/images/memorials/loftin-giles-sr.jpg	assets/memorials/loftin-giles-sr-ac9ea9a33da8.jpg
https://dillsboro.in/images/memorials/pribble-donald.jpg	assets/memorials/pribble-donald-416e66457bca.jpg
https://dillsboro.in/images/memorials/rodgers-david-sr.jpg	assets/memorials/rodgers-david-sr-e546df673075.jpg
https://dillsboro.in/images/memorials/rodgers-norman.jpg	assets/memorials/rodgers-norman-e2522810ca48.jpg
https://dillsboro.in/images/memorials/sale-edgar.jpg	assets/memorials/sale-edgar-505d532f75a4.jpg
https://dillsboro.in/images/memorials/schultz-michael.jpg	assets/memorials/schultz-michael-16a889d6755d.jpg
https://dillsboro.in/images/memorials/scudder-reynold.jpg	assets/memorials/scudder-reynold-2f12761e4273.jpg
https://dillsboro.in/images/memorials/siekerman.jpg	assets/memorials/siekerman-43597a777960.jpg
https://dillsboro.in/images/memorials/thomas-edward-h.jpg	assets/memorials/thomas-edward-h-ed3e4ea9592d.jpg
